{
  "title":"l21_vliw.pdf",
  "description": "This resource contains notes on little ?s law, superscalar control logic scaling, out-of-order control complexity: MIPS R10000, sequential ISA bottleneck, VLIW, loop, software pipelining, trace scheduling, rotating register files, Intel EPIC IA-64, fully bypassed datapath, clustered VLIW, and limits of static scheduling.",
  "file": "/courses/6-823-computer-system-architecture-fall-2005/d90b42c3bf0f65f9ab8e652040cc9f0d_l21_vliw.pdf",
  "learning_resource_types": ["Lecture Notes"],
  "resource_type": "Document",
  "file_type": "application/pdf"}
