{"084b9870-fabc-f1aa-8ae2-a6d8ed3a5787":"/resources/quiz2/data.json","0baf1f59-ca3a-4a80-f019-8bb91b688de0":"/resources/l22_vector/data.json","166b289e-11b6-8c1e-00ef-9bb84cd57450":"/resources/l11_cmplx_pipes/data.json","16eb29d3-b9c0-8756-6a1a-28aca412bf02":"/resources/l06_pipeline/data.json","17600530-e07d-676d-6261-b54927c238c9":"/pages/syllabus/data.json","18301588-412c-e9c3-c48c-9031d2a53b0b":"/resources/quiz4/data.json","29244173-f6b6-a78e-ed99-d3b2b50196b6":"/resources/l07caches/data.json","2deb591e-33d5-5b40-3765-b593b05dcc33":"/pages/readings/data.json","328c0a8d-8832-3c02-c1c3-f96251bb6f71":"/resources/l23_multithread/data.json","3993f269-8825-8661-5687-0dc6196825f2":"/resources/l13_brnchpred/data.json","410d9ba0-be2c-f20e-3442-a59f632d1fef":"/resources/quiz5/data.json","44d4212f-b14b-35e6-2ee8-d23c7a06438e":"/resources/handout8/data.json","5017895b-3c66-fd04-4111-19382827a0b9":"/pages/lecture-notes/data.json","50a585c8-5a21-b1fb-bb3f-9d11e86ba850":"/resources/l03_sixties/data.json","55ccceb5-b271-314b-c243-66970fff9aaf":"/resources/l19_snoopy_prot/data.json","5981635e-375a-eac6-b012-90ac191fec92":"/resources/psetm5/data.json","60b1fac5-a961-774a-cdfa-d06c6c51dac8":"/resources/6-823f05/data.json","61873d14-afed-782c-5a53-54fa89402dac":"/resources/handout11/data.json","651f7012-7e70-cf0a-6666-5303fcd21ad4":"/resources/l18_ccprotocols/data.json","6620f8ba-a439-5cc1-8ba2-c03ecfcecc4c":"/resources/handout12/data.json","6b31ca9b-0143-569b-4e30-9745600c80cb":"/resources/l17_cc/data.json","756f9c21-2212-468d-b2ee-c43aa285851a":"/resources/psetm3/data.json","7abc1ac6-0cf2-5a5e-d362-e10b0749baeb":"/pages/calendar/data.json","7b0f0cea-1dcf-b23c-fbaa-d2b1e753eb2d":"/resources/quiz3/data.json","8776a462-1e5e-a729-06dc-ef4d88356b25":"/pages/exams/data.json","88745867-dea5-c654-e48e-880cfe325ede":"/resources/handout4/data.json","964e8d2c-1085-754b-a5ed-2eba48269a0b":"/resources/l05_singlecycle/data.json","a789e593-73c6-9c1b-6240-91101ba26e06":"/resources/handout1/data.json","a7b91fdc-efc9-cc3c-04f9-4952a0ab69a3":"/resources/psetm2/data.json","a7e90260-2fd4-80fc-2255-1d9e6bbc6b81":"/resources/handout6/data.json","a984df22-afeb-4bd7-3205-8005861a70a4":"/resources/l12_ooo_pipes/data.json","aa0cb152-ac3b-e575-d624-1c669f352a7a":"/resources/l20_relaxedmm/data.json","ae51ce42-05e8-8023-b9d5-fe59dd25b7fd":"/resources/l02_fifties/data.json","af4c3efb-407b-e0b4-7c2e-cc6fb4f4558f":"/resources/l15_micro_evlutn/data.json","b2b17f5f-f9e6-5c8f-9d54-b2733ff5987d":"/resources/l08_caches_2/data.json","bb5d3c8c-f2d8-7caa-3bcf-fc7ff40b5af8":"/resources/psetm4/data.json","bdee75b0-fadb-b349-b0c4-3195caeb5a17":"/resources/l00_prelude/data.json","c5665c6e-0add-f2f7-eadb-4e453122589e":"/resources/handout2/data.json","c997dbb2-4b5e-8f28-10ff-26559e6593b1":"/resources/l10_vrtl_mem/data.json","c9cc8784-b72c-8727-1c83-9c918947458b":"/resources/l01_earlydev/data.json","cef463d4-b0fe-6160-337e-474f7a2e2a4d":"/resources/6-823f05-th/data.json","d1c216e5-8074-2050-ea0f-71999d6e05b6":"/resources/psetm1/data.json","d1ebbcad-8cea-7330-2e0f-0a03eb413864":"/resources/l16_smps_sc/data.json","d8e58d27-3c2b-0cb8-6e7f-bc314df87d16":"/resources/l24_reliability/data.json","d90b42c3-bf0f-65f9-ab8e-652040cc9f0d":"/resources/l21_vliw/data.json","de5d7f79-8f86-8802-112e-1b6cdbc454cc":"/resources/l14_superscalar/data.json","e2f9477e-0a0c-c8ef-fcc4-72354d962264":"/resources/handout9/data.json","e6c696f2-4891-9970-ba4a-28b8463b0268":"/resources/handout5/data.json","e7ae27f2-deaf-7a83-91e5-c4222bfd9af5":"/resources/psetm0/data.json","e88ac11c-a2b7-623b-3aaf-a663fe15cbb2":"/resources/quiz1/data.json","ecfdbf15-8b80-b225-5bcb-63b9dd5debd8":"/resources/l04_microprog/data.json","eddc1752-317c-ffd1-2852-547ef1e745d7":"/resources/handout13/data.json","ef29c011-5f94-d96d-e8aa-8464dc146f6e":"/resources/l07_caches/data.json","f05112a8-4961-13bf-da34-6ba5091481ad":"/resources/handout3/data.json","f06ab181-60f0-a9a9-631d-2c120a2d853f":"/resources/l25_vms/data.json","f097c4cd-fff6-f8d1-d8ba-1a5c8e557713":"/resources/handout7/data.json","f172871a-7711-8f0b-4240-e0a301ff7efe":"/pages/assignments/data.json","f68f4d49-ad41-5245-f192-84cfbe8d323e":"/resources/l09_add_trans/data.json","fb1b60ca-989e-4740-271a-9a472a7fccd9":"/resources/handout10/data.json"}