{
  "course_title":"Computer System Architecture",
  "course_description":"6.823 is a course in the department's \"Computer Systems and Architecture\" concentration. 6.823 is a study of the evolution of computer architecture and the factors influencing the design of hardware and software elements of computer systems. Topics may include: instruction set design; processor micro-architecture and pipelining; cache and virtual memory organizations; protection and sharing; I/O and interrupts; in-order and out-of-order superscalar architectures; VLIW machines; vector supercomputers; multithreaded architectures; symmetric multiprocessors; and parallel computers.\n",
  "course_description_html":"6.823 is a course in the department&rsquo;s &ldquo;Computer Systems and Architecture&rdquo; concentration. 6.823 is a study of the evolution of computer architecture and the factors influencing the design of hardware and software elements of computer systems. Topics may include: instruction set design; processor micro-architecture and pipelining; cache and virtual memory organizations; protection and sharing; I/O and interrupts; in-order and out-of-order superscalar architectures; VLIW machines; vector supercomputers; multithreaded architectures; symmetric multiprocessors; and parallel computers.",
  "site_uid":"7192b6f1-ff8a-49c6-bd67-cc8e41feef2e",
  "legacy_uid":"ff311a6d-e457-8361-9554-72de3e077a74","instructors": [{
    "first_name":"Joel",
    "last_name":"Emer",
    "middle_initial":"",
    "salutation":"Dr.",
    "title":"Dr. Joel Emer"},{
    "first_name":"Krste",
    "last_name":"Asanovic",
    "middle_initial":"",
    "salutation":"Prof.",
    "title":"Prof. Krste Asanovic"},{
    "first_name":"",
    "last_name":"Arvind",
    "middle_initial":"",
    "salutation":"Prof.",
    "title":"Prof.  Arvind"}],"department_numbers":["6"],
  "learning_resource_types":["Problem Sets","Exams","Lecture Notes","Programming Assignments"],
  "topics":[["Engineering","Computer Science","Computer Design and Engineering"],["Engineering","Computer Science","Theory of Computation"]],
  "mit_learn_topics":null,
  "primary_course_number":"6.823",
  "extra_course_numbers":"",
  "term":"Fall",
  "year":"2005",
  "level":["Graduate"],
  "hide_download":null,
  "image_src":"./static_resources/60b1fac5a961774acdfad06c6c51dac8_6-823f05.jpg",
  "course_image_metadata":{"content_type":"resource","description":"Internal hardware of a computer. (Photo ? openphoto.net.)","draft":false,"file":"/courses/6-823-computer-system-architecture-fall-2005/60b1fac5a961774acdfad06c6c51dac8_6-823f05.jpg","file_size":147986,"file_type":"image/jpeg","image_metadata":{"caption":"Internal hardware of a computer. (Photo © [openphoto.net](http://www.openphoto.net/). Used with permission.)","credit":"","image-alt":"Photo of the inside of a computer."},"iscjklanguage":false,"learning_resource_types":[],"license":"https://creativecommons.org/licenses/by-nc-sa/4.0/","ocw_type":"OCWImage","resourcetype":"Image","title":"6-823f05.jpg","uid":"60b1fac5-a961-774a-cdfa-d06c6c51dac8"}}

