{
  "title":"l24_reliability.pdf",
  "description": "This resource contains notes on strike changes state of a single bit, neutron strike on a Si device, cosmic rays, triple and dual modular redundancy, redundant multithreading, metrics, AVF, SFI, ACE and laws for it, vulnerability of a structure, dynamic instruction breakdown, ACE lifetime analysis, coping with wrong-path instructions, and other AVF issues.",
  "file": "/courses/6-823-computer-system-architecture-fall-2005/d8e58d273c2b0cb86e7fbc314df87d16_l24_reliability.pdf",
  "learning_resource_types": ["Lecture Notes"],
  "resource_type": "Document",
  "file_type": "application/pdf"}
