{
  "title":"psetm1.pdf",
  "description": "This resource gives a flavor of EDSAC-style programming and its limitations including problems based on macros, CISC, RISC, and Stack: Comparing ISAs, stack, microprogramming and bus-based architectures, pipeline, and processor design.",
  "file": "/courses/6-823-computer-system-architecture-fall-2005/d1c216e580742050ea0f71999d6e05b6_psetm1.pdf",
  "learning_resource_types": ["Assignments"],
  "resource_type": "Document",
  "file_type": "application/pdf"}
