{
  "title":"l15_micro_evlutn.pdf",
  "description": "this resource contains notes on first microprocessor, its evaluation, DRAM, Intel 8086, IBM PC, 1981, 80's, 90's, Intel Pentium 4, trace cache, renaming, execution ports, ALU design, branch, pipelining, delays, and microarchitecture comparison.",
  "file": "/courses/6-823-computer-system-architecture-fall-2005/af4c3efb407be0b47c2ecc6fb4f4558f_l15_micro_evlutn.pdf",
  "learning_resource_types": ["Lecture Notes"],
  "resource_type": "Document",
  "file_type": "application/pdf"}
