{
  "title":"l14_superscalar.pdf",
  "description": "This resource contains notes on register file, register management, issue queue with latency prediction, register renaming, memory dependencies, speculative loads / stores, load path, data path, memory queue, mispredict recovery, and branch misprediction in pipeline.",
  "file": "/courses/6-823-computer-system-architecture-fall-2005/de5d7f798f868802112e1b6cdbc454cc_l14_superscalar.pdf",
  "learning_resource_types": ["Lecture Notes"],
  "resource_type": "Document",
  "file_type": "application/pdf"}
