<?xml version="1.0" encoding="utf-8" standalone="yes"?>
<rss version="2.0" xmlns:atom="http://www.w3.org/2005/Atom">
  <channel>
    <title>Exams on MIT OpenCourseWare</title>
    <link>/resources/exams/</link>
    <description>Recent content in Exams on MIT OpenCourseWare</description>
    <generator>Hugo -- gohugo.io</generator>
    <language>en-us</language><atom:link href="/resources/exams/index.xml" rel="self" type="application/rss+xml" />
    <item>
      <title>Exams</title>
      <link>/pages/exams/data.json</link>
      <pubDate>Mon, 01 Jan 0001 00:00:00 +0000</pubDate>
      
      <guid>/pages/exams/data.json</guid>
      <description>This section contains actual exams given to students throughout the course. Instructors may request the solutions for these assignments by using the MIT OpenCourseWare Feedback form.
Quiz 1 (PDF ‑ 1.5 MB)
Quiz 2 (PDF)
Quiz 3 (PDF)
Quiz 4 (PDF)
Quiz 5 (PDF)</description>
    </item>
    
    <item>
      <title>quiz1.pdf</title>
      <link>/resources/quiz1/data.json</link>
      <pubDate>Mon, 01 Jan 0001 00:00:00 +0000</pubDate>
      
      <guid>/resources/quiz1/data.json</guid>
      <description>This resource contains problems based on addressing modes on MIPS ISA, microprogramming, fully-bypassed simple 5-stage pipeline, and princeton architecture along with the appendix.</description>
    </item>
    
    <item>
      <title>quiz2.pdf</title>
      <link>/resources/quiz2/data.json</link>
      <pubDate>Mon, 01 Jan 0001 00:00:00 +0000</pubDate>
      
      <guid>/resources/quiz2/data.json</guid>
      <description>This resource contains problems based on cache basics, handling TLB misses, buffer for data cache, page size, and TLBs.</description>
    </item>
    
    <item>
      <title>quiz3.pdf</title>
      <link>/resources/quiz3/data.json</link>
      <pubDate>Mon, 01 Jan 0001 00:00:00 +0000</pubDate>
      
      <guid>/resources/quiz3/data.json</guid>
      <description>This resource contains problems based on out-of-order scheduling with and without register renaming, branch prediction and unified physical registers.</description>
    </item>
    
    <item>
      <title>quiz4.pdf</title>
      <link>/resources/quiz4/data.json</link>
      <pubDate>Mon, 01 Jan 0001 00:00:00 +0000</pubDate>
      
      <guid>/resources/quiz4/data.json</guid>
      <description>This resource contains problems based on directory-based cache coherence protocol, silent drops, synchronization, and snoopy cache coherence protocol along with the appendix.</description>
    </item>
    
    <item>
      <title>quiz5.pdf</title>
      <link>/resources/quiz5/data.json</link>
      <pubDate>Mon, 01 Jan 0001 00:00:00 +0000</pubDate>
      
      <guid>/resources/quiz5/data.json</guid>
      <description>This resource contains problems based on compiler techniques, VLIW and vector machines multithreading, and reliability.</description>
    </item>
    
  </channel>
</rss>
