{
  "title":"l22_vector.pdf",
  "description": "This resource contains notes on supercomputers, applications, loop unrolled code schedule, cray-1(1976), vector programming model, vector instruction set advantages, memory system, chaining, start-up, automatic code vectorization, scatter/ gather, masked vector instructions, compress/expand operations, and multimedia extensions.",
  "file": "/courses/6-823-computer-system-architecture-fall-2005/0baf1f59ca3a4a80f0198bb91b688de0_l22_vector.pdf",
  "learning_resource_types": ["Lecture Notes"],
  "resource_type": "Document",
  "file_type": "application/pdf"}
