{
  "title":"l16_smps_sc.pdf",
  "description": "This resource contains notes on symmetric multiprocessors, synchronization, sequential consistency, locks or sdemaphores, memory fences, data-race free\nprograms, mutual exclusion, and effect of caches on sequential consistency.",
  "file": "/courses/6-823-computer-system-architecture-fall-2005/d1ebbcad8cea73302e0f0a03eb413864_l16_smps_sc.pdf",
  "learning_resource_types": ["Lecture Notes"],
  "resource_type": "Document",
  "file_type": "application/pdf"}
