<?xml version="1.0" encoding="utf-8" standalone="yes"?>
<rss version="2.0" xmlns:atom="http://www.w3.org/2005/Atom">
  <channel>
    <title>Lecture Notes on MIT OpenCourseWare</title>
    <link>/resources/lecture-notes/</link>
    <description>Recent content in Lecture Notes on MIT OpenCourseWare</description>
    <generator>Hugo -- gohugo.io</generator>
    <language>en-us</language><atom:link href="/resources/lecture-notes/index.xml" rel="self" type="application/rss+xml" />
    <item>
      <title>l00_prelude.pdf</title>
      <link>/resources/l00_prelude/data.json</link>
      <pubDate>Mon, 01 Jan 0001 00:00:00 +0000</pubDate>
      
      <guid>/resources/l00_prelude/data.json</guid>
      <description></description>
    </item>
    
    <item>
      <title>l01_earlydev.pdf</title>
      <link>/resources/l01_earlydev/data.json</link>
      <pubDate>Mon, 01 Jan 0001 00:00:00 +0000</pubDate>
      
      <guid>/resources/l01_earlydev/data.json</guid>
      <description>This resource discusses the contribution of Charles Babbage and topics like difference engine, Analytic Engine, Babbage?s influence, Harvard Mark I, linear equation solver, electronic numerical integrator and computer (ENIAC), electronic discrete variable automatic computer (EDVAC), stored program computer, technology issues, the spread of ideas, dominant problem: reliability, commercial activity: 1948-52, IBM 701, software developments, factors that influence computer architecture, microprocessors economics, compatibility, and perpetual tension.</description>
    </item>
    
    <item>
      <title>l02_fifties.pdf</title>
      <link>/resources/l02_fifties/data.json</link>
      <pubDate>Mon, 01 Jan 0001 00:00:00 +0000</pubDate>
      
      <guid>/resources/l02_fifties/data.json</guid>
      <description>This resource discusses the importance of technology, technology is the dominant factor in computer design, computers in mid 50?s, programmer?s view of the machine IBM 650, earliest instruction sets, programming: single accumulator machine, processor-memory bottleneck: early solutions, index registers, support for subroutine calls, recursive procedure calls and reentrant codes, evolution of addressing modes, and data formats and memory addresses.</description>
    </item>
    
    <item>
      <title>l03_sixties.pdf</title>
      <link>/resources/l03_sixties/data.json</link>
      <pubDate>Mon, 01 Jan 0001 00:00:00 +0000</pubDate>
      
      <guid>/resources/l03_sixties/data.json</guid>
      <description>This resource discusses the Issues for Architects in the Sixties.</description>
    </item>
    
    <item>
      <title>l04_microprog.pdf</title>
      <link>/resources/l04_microprog/data.json</link>
      <pubDate>Mon, 01 Jan 0001 00:00:00 +0000</pubDate>
      
      <guid>/resources/l04_microprog/data.json</guid>
      <description>This resource discusses microarchitecture, The MIPS32 ISA, MIPS, ROM, implementing complex instructions, ALU, microcode emulation, WCS, and their modern usage.</description>
    </item>
    
    <item>
      <title>l05_singlecycle.pdf</title>
      <link>/resources/l05_singlecycle/data.json</link>
      <pubDate>Mon, 01 Jan 0001 00:00:00 +0000</pubDate>
      
      <guid>/resources/l05_singlecycle/data.json</guid>
      <description>This resource discusses ISA versus implementation, microarchitecture, hardware elements, implementing MIPS: single-cycle per instruction datapath and control logic, datapath, ALU, various instructions, jumps, hardwired control, and pipelining.</description>
    </item>
    
    <item>
      <title>l06_pipeline.pdf</title>
      <link>/resources/l06_pipeline/data.json</link>
      <pubDate>Mon, 01 Jan 0001 00:00:00 +0000</pubDate>
      
      <guid>/resources/l06_pipeline/data.json</guid>
      <description>This resource contains technology assumptions, 5-stage pipelined execution, pipelined MIPS datapath, pipeline, data hazards, interlocks control logic, jumps, branch penalty, and bypassing.</description>
    </item>
    
    <item>
      <title>l07_caches.pdf</title>
      <link>/resources/l07_caches/data.json</link>
      <pubDate>Mon, 01 Jan 0001 00:00:00 +0000</pubDate>
      
      <guid>/resources/l07_caches/data.json</guid>
      <description>This resource contains memory information, architechture, operation, hierarchy, cache, and DRAM information.</description>
    </item>
    
    <item>
      <title>l07caches.pdf</title>
      <link>/resources/l07caches/data.json</link>
      <pubDate>Mon, 01 Jan 0001 00:00:00 +0000</pubDate>
      
      <guid>/resources/l07caches/data.json</guid>
      <description></description>
    </item>
    
    <item>
      <title>l08_caches_2.pdf</title>
      <link>/resources/l08_caches_2/data.json</link>
      <pubDate>Mon, 01 Jan 0001 00:00:00 +0000</pubDate>
      
      <guid>/resources/l08_caches_2/data.json</guid>
      <description>This resource contains CPU- Cache interaction, pipelining cache writes, read, cache performance, misses, parameters, types of caches, prefetching, compiler optimizations, loop, blocking, and memory hierarchy conditions.</description>
    </item>
    
    <item>
      <title>l09_add_trans.pdf</title>
      <link>/resources/l09_add_trans/data.json</link>
      <pubDate>Mon, 01 Jan 0001 00:00:00 +0000</pubDate>
      
      <guid>/resources/l09_add_trans/data.json</guid>
      <description>This resource contains notes on memory management, location, addressing, memory information, manual overlays, demand paging, modern virtual memory system, page table, TLB, and address translation.</description>
    </item>
    
    <item>
      <title>l10_vrtl_mem.pdf</title>
      <link>/resources/l10_vrtl_mem/data.json</link>
      <pubDate>Mon, 01 Jan 0001 00:00:00 +0000</pubDate>
      
      <guid>/resources/l10_vrtl_mem/data.json</guid>
      <description>this resource contains address translation, interrupts, speeding up the common case: ?TLB and cache organization, speeding up page table walks, and modern usage.</description>
    </item>
    
    <item>
      <title>l11_cmplx_pipes.pdf</title>
      <link>/resources/l11_cmplx_pipes/data.json</link>
      <pubDate>Mon, 01 Jan 0001 00:00:00 +0000</pubDate>
      
      <guid>/resources/l11_cmplx_pipes/data.json</guid>
      <description>This resource contains notes on complex pipelining: motivation, pipeline structure, control issues, dependence analysis, data hazards, scoreboard, complex pipelining, and data structure.</description>
    </item>
    
    <item>
      <title>l12_ooo_pipes.pdf</title>
      <link>/resources/l12_ooo_pipes/data.json</link>
      <pubDate>Mon, 01 Jan 0001 00:00:00 +0000</pubDate>
      
      <guid>/resources/l12_ooo_pipes/data.json</guid>
      <description>This resource contains notes on In- Order issue, pipeline issues, register naming issues, allocation/deallocation, floating point issues, interrupts, exeptions, rollback and renaming, and branching.</description>
    </item>
    
    <item>
      <title>l13_brnchpred.pdf</title>
      <link>/resources/l13_brnchpred/data.json</link>
      <pubDate>Mon, 01 Jan 0001 00:00:00 +0000</pubDate>
      
      <guid>/resources/l13_brnchpred/data.json</guid>
      <description>This resource contains notes on control transfer penalty, branch prediction schemes, and branch misprediction recovery schemes.</description>
    </item>
    
    <item>
      <title>l14_superscalar.pdf</title>
      <link>/resources/l14_superscalar/data.json</link>
      <pubDate>Mon, 01 Jan 0001 00:00:00 +0000</pubDate>
      
      <guid>/resources/l14_superscalar/data.json</guid>
      <description>This resource contains notes on register file, register management, issue queue with latency prediction, register renaming, memory dependencies, speculative loads / stores, load path, data path, memory queue, mispredict recovery, and branch misprediction in pipeline.</description>
    </item>
    
    <item>
      <title>l15_micro_evlutn.pdf</title>
      <link>/resources/l15_micro_evlutn/data.json</link>
      <pubDate>Mon, 01 Jan 0001 00:00:00 +0000</pubDate>
      
      <guid>/resources/l15_micro_evlutn/data.json</guid>
      <description>this resource contains notes on first microprocessor, its evaluation, DRAM, Intel 8086, IBM PC, 1981, 80&amp;rsquo;s, 90&amp;rsquo;s, Intel Pentium 4, trace cache, renaming, execution ports, ALU design, branch, pipelining, delays, and microarchitecture comparison.</description>
    </item>
    
    <item>
      <title>l16_smps_sc.pdf</title>
      <link>/resources/l16_smps_sc/data.json</link>
      <pubDate>Mon, 01 Jan 0001 00:00:00 +0000</pubDate>
      
      <guid>/resources/l16_smps_sc/data.json</guid>
      <description>This resource contains notes on symmetric multiprocessors, synchronization, sequential consistency, locks or sdemaphores, memory fences, data-race free programs, mutual exclusion, and effect of caches on sequential consistency.</description>
    </item>
    
    <item>
      <title>l17_cc.pdf</title>
      <link>/resources/l17_cc/data.json</link>
      <pubDate>Mon, 01 Jan 0001 00:00:00 +0000</pubDate>
      
      <guid>/resources/l17_cc/data.json</guid>
      <description>This resource contains notes on SMPs, caches and SC, parallel I/O, cache issues, MESI: an enhanced MSI protocol, synchronization and caches, and store conditional.</description>
    </item>
    
    <item>
      <title>l18_ccprotocols.pdf</title>
      <link>/resources/l18_ccprotocols/data.json</link>
      <pubDate>Mon, 01 Jan 0001 00:00:00 +0000</pubDate>
      
      <guid>/resources/l18_ccprotocols/data.json</guid>
      <description>This resource contains notes on multiple caches, ncoding, implications, transitions, high-level invariants in protocol design, caching rules, rules, messages, non- blocking caches, and protocol diagram.</description>
    </item>
    
    <item>
      <title>l19_snoopy_prot.pdf</title>
      <link>/resources/l19_snoopy_prot/data.json</link>
      <pubDate>Mon, 01 Jan 0001 00:00:00 +0000</pubDate>
      
      <guid>/resources/l19_snoopy_prot/data.json</guid>
      <description>This resource contains notes on bus-based protocols, snooper?s input and output, memory controller response, bus occupancy issues, and synchronization primitives.</description>
    </item>
    
    <item>
      <title>l20_relaxedmm.pdf</title>
      <link>/resources/l20_relaxedmm/data.json</link>
      <pubDate>Mon, 01 Jan 0001 00:00:00 +0000</pubDate>
      
      <guid>/resources/l20_relaxedmm/data.json</guid>
      <description>this resource contains notes on sequential consistency, memory model issues with examples, weaker memory models and memory fence instructions, synchronized programs and release consistency.</description>
    </item>
    
    <item>
      <title>l21_vliw.pdf</title>
      <link>/resources/l21_vliw/data.json</link>
      <pubDate>Mon, 01 Jan 0001 00:00:00 +0000</pubDate>
      
      <guid>/resources/l21_vliw/data.json</guid>
      <description>This resource contains notes on little ?s law, superscalar control logic scaling, out-of-order control complexity: MIPS R10000, sequential ISA bottleneck, VLIW, loop, software pipelining, trace scheduling, rotating register files, Intel EPIC IA-64, fully bypassed datapath, clustered VLIW, and limits of static scheduling.</description>
    </item>
    
    <item>
      <title>l22_vector.pdf</title>
      <link>/resources/l22_vector/data.json</link>
      <pubDate>Mon, 01 Jan 0001 00:00:00 +0000</pubDate>
      
      <guid>/resources/l22_vector/data.json</guid>
      <description>This resource contains notes on supercomputers, applications, loop unrolled code schedule, cray-1(1976), vector programming model, vector instruction set advantages, memory system, chaining, start-up, automatic code vectorization, scatter/ gather, masked vector instructions, compress/expand operations, and multimedia extensions.</description>
    </item>
    
    <item>
      <title>l23_multithread.pdf</title>
      <link>/resources/l23_multithread/data.json</link>
      <pubDate>Mon, 01 Jan 0001 00:00:00 +0000</pubDate>
      
      <guid>/resources/l23_multithread/data.json</guid>
      <description>This resource contains notes on pipeline hazards, multithreading, CDC 6600 peripheral processors, thread scheduling policies, denelcor HEP, MTA architecture, IBM power RS64-IV, chip multiprocessing, SMT pipeline, Pentium-4, and speculative, out-of-order superscalar processor.</description>
    </item>
    
    <item>
      <title>l24_reliability.pdf</title>
      <link>/resources/l24_reliability/data.json</link>
      <pubDate>Mon, 01 Jan 0001 00:00:00 +0000</pubDate>
      
      <guid>/resources/l24_reliability/data.json</guid>
      <description>This resource contains notes on strike changes state of a single bit, neutron strike on a Si device, cosmic rays, triple and dual modular redundancy, redundant multithreading, metrics, AVF, SFI, ACE and laws for it, vulnerability of a structure, dynamic instruction breakdown, ACE lifetime analysis, coping with wrong-path instructions, and other AVF issues.</description>
    </item>
    
    <item>
      <title>l25_vms.pdf</title>
      <link>/resources/l25_vms/data.json</link>
      <pubDate>Mon, 01 Jan 0001 00:00:00 +0000</pubDate>
      
      <guid>/resources/l25_vms/data.json</guid>
      <description>This resource contains notes on software applications, ABI, supporting multiple OSs, ISA implementations partly in software, non-native ISAs, emulation, binary translation, PC mapping table, dynamic translation, chaining, transmeta crusoe and translation, compiler optimizations, scheduling, translation overhead, exceptions, shadow registers and store buffer, and handling self-modifying code.</description>
    </item>
    
    <item>
      <title>Lecture Notes</title>
      <link>/pages/lecture-notes/data.json</link>
      <pubDate>Mon, 01 Jan 0001 00:00:00 +0000</pubDate>
      
      <guid>/pages/lecture-notes/data.json</guid>
      <description>The course material is divided into five modules, each covering a set of related topics. This section contains the lecture notes for the course.
Legend (A): Session taught by Professor Arvind
(J): Session taught by Dr. Joel Emer
SES # TOPICS Module 1 L1 History of Calculation and Computer Architecture (A) (PDF) L2 Influence of Technology and Software on Instruction Sets: Up to the dawn of IBM 360 (A) (PDF) L3 Complex Instruction Set Evolution in the Sixties: Stack and GPR Architectures (A) (PDF) L4 Microprogramming (A) (PDF) L5 Simple Instruction Pipelining (A) (PDF) L6 Pipeline Hazards (A) (PDF) Module 2 L7 Multilevel Memories - Technology (J) (PDF) L8 Cache (Memory) Performance Optimization (J) (PDF) L9 Virtual Memory Basics (J) (PDF) L10 Virtual Memory: Part Deux (A) (PDF) Module 3 L11 Complex Pipelining (A) (PDF) L12 Out of Order Execution and Register Renaming (A) (PDF) L13 Branch Prediction and Speculative Execution (A) (PDF) L14 Advanced Superscalar Architectures (J) (PDF) L15 Microprocessor Evolution: 4004 to Pentium 4 (J) (PDF) Module 4 L16 Synchronization and Sequential Consistency (A) (PDF) L17 Cache Coherence (A) (PDF) L18 Cache Coherence (Implementation) (A) (PDF) L19 Snoopy Protocols (A) (PDF) L20 Relaxed Memory Models (A) (PDF) Module 5 L21 VLIW/EPIC: Statically Scheduled ILP (J) (PDF) L22 Vector Computers (J) (PDF) L23 Multithreaded Processors (J) (PDF) L24 Reliable Architectures (J) (PDF) L25 Virtual Machines (J) (PDF) </description>
    </item>
    
  </channel>
</rss>
