{
  "title":"6-823f05.jpg",
  "description": "Internal hardware of a computer. (Photo ? openphoto.net.)",
  "file": "/courses/6-823-computer-system-architecture-fall-2005/60b1fac5a961774acdfad06c6c51dac8_6-823f05.jpg",
  "learning_resource_types": [],
  "resource_type": "Image",
  "file_type": "image/jpeg",
  "image_metadata": {"caption":"Internal hardware of a computer. (Photo © [openphoto.net](http://www.openphoto.net/). Used with permission.)","credit":"","image-alt":"Photo of the inside of a computer."}}
