{
  "title":"l23_multithread.pdf",
  "description": "This resource contains notes on pipeline hazards, multithreading, CDC 6600 peripheral processors, thread scheduling policies, denelcor HEP, MTA architecture, IBM power RS64-IV, chip multiprocessing, SMT pipeline, Pentium-4, and speculative, out-of-order superscalar processor.",
  "file": "/courses/6-823-computer-system-architecture-fall-2005/328c0a8d88323c02c1c3f96251bb6f71_l23_multithread.pdf",
  "learning_resource_types": ["Lecture Notes"],
  "resource_type": "Document",
  "file_type": "application/pdf"}
