<?xml version="1.0" encoding="utf-8" standalone="yes"?>
<rss version="2.0" xmlns:atom="http://www.w3.org/2005/Atom">
  <channel>
    <title>Readings on MIT OpenCourseWare</title>
    <link>/resources/readings/</link>
    <description>Recent content in Readings on MIT OpenCourseWare</description>
    <generator>Hugo -- gohugo.io</generator>
    <language>en-us</language><atom:link href="/resources/readings/index.xml" rel="self" type="application/rss+xml" />
    <item>
      <title>Readings</title>
      <link>/pages/readings/data.json</link>
      <pubDate>Mon, 01 Jan 0001 00:00:00 +0000</pubDate>
      
      <guid>/pages/readings/data.json</guid>
      <description>The table below provides information on the required and optional readings for the course. Optional readings were provided for interested students to explore topics further and deepen their understanding of the course material.
Legend Session Number L: lecture
T: tutorial
Q: quiz
Topics (A): Session taught by Professor Arvind
(J): Session taught by Dr. Joel Emer
Required Readings H&amp;amp;P3: Hennessy, J. L., and D. A. Patterson. Computer Architecture: A Quantitative Approach, 3rd ed.</description>
    </item>
    
  </channel>
</rss>
