{
  "title":"l05_singlecycle.pdf",
  "description": "This resource discusses ISA versus implementation, microarchitecture, hardware elements, implementing MIPS: single-cycle per instruction datapath and control logic, datapath, ALU, various instructions, jumps, hardwired control, and pipelining.",
  "file": "/courses/6-823-computer-system-architecture-fall-2005/964e8d2c1085754ba5ed2eba48269a0b_l05_singlecycle.pdf",
  "learning_resource_types": ["Lecture Notes"],
  "resource_type": "Document",
  "file_type": "application/pdf"}
