{
  "title":"l25_vms.pdf",
  "description": "This resource contains notes on software applications, ABI, supporting multiple OSs, ISA implementations partly in software, non-native ISAs, emulation, binary translation,\nPC mapping table, dynamic translation, chaining, transmeta crusoe and translation, compiler optimizations, scheduling, translation overhead, exceptions, shadow registers and store buffer, and handling self-modifying code.",
  "file": "/courses/6-823-computer-system-architecture-fall-2005/f06ab18160f0a9a9631d2c120a2d853f_l25_vms.pdf",
  "learning_resource_types": ["Lecture Notes"],
  "resource_type": "Document",
  "file_type": "application/pdf"}
