<?xml version="1.0" encoding="utf-8" standalone="yes"?>
<rss version="2.0" xmlns:atom="http://www.w3.org/2005/Atom">
  <channel>
    <title>Assignments on MIT OpenCourseWare</title>
    <link>/resources/assignments/</link>
    <description>Recent content in Assignments on MIT OpenCourseWare</description>
    <generator>Hugo -- gohugo.io</generator>
    <language>en-us</language><atom:link href="/resources/assignments/index.xml" rel="self" type="application/rss+xml" />
    <item>
      <title>Assignments</title>
      <link>/pages/assignments/data.json</link>
      <pubDate>Mon, 01 Jan 0001 00:00:00 +0000</pubDate>
      
      <guid>/pages/assignments/data.json</guid>
      <description>This section contains the problem sets assigned for the course. Each of the problem sets is related to a module. Although problem solutions do not have to be handed in (and consequently, are not graded), it is essential that students become thoroughly familiar with the material and therefore are encouraged to work through all problems.
The self-assessment test was handed out during the first lecture and used to assess each student&amp;rsquo;s preparation for the course.</description>
    </item>
    
    <item>
      <title>handout1.pdf</title>
      <link>/resources/handout1/data.json</link>
      <pubDate>Mon, 01 Jan 0001 00:00:00 +0000</pubDate>
      
      <guid>/resources/handout1/data.json</guid>
      <description>This resource talks about the EDSACjr architecture including macros with example, and labels.</description>
    </item>
    
    <item>
      <title>handout10.pdf</title>
      <link>/resources/handout10/data.json</link>
      <pubDate>Mon, 01 Jan 0001 00:00:00 +0000</pubDate>
      
      <guid>/resources/handout10/data.json</guid>
      <description>This resource introduce a simple out-of-order processor using a reorder buffer.</description>
    </item>
    
    <item>
      <title>handout11.pdf</title>
      <link>/resources/handout11/data.json</link>
      <pubDate>Mon, 01 Jan 0001 00:00:00 +0000</pubDate>
      
      <guid>/resources/handout11/data.json</guid>
      <description>This resource refer to lecture 14 in 2005.</description>
    </item>
    
    <item>
      <title>handout12.pdf</title>
      <link>/resources/handout12/data.json</link>
      <pubDate>Mon, 01 Jan 0001 00:00:00 +0000</pubDate>
      
      <guid>/resources/handout12/data.json</guid>
      <description>This resource introduces a directory-based cache coherence protocol.</description>
    </item>
    
    <item>
      <title>handout13.pdf</title>
      <link>/resources/handout13/data.json</link>
      <pubDate>Mon, 01 Jan 0001 00:00:00 +0000</pubDate>
      
      <guid>/resources/handout13/data.json</guid>
      <description>This resource introduce an invalidation coherence protocol for write-back caches similar to those employed by the SUN MBus.</description>
    </item>
    
    <item>
      <title>handout2.pdf</title>
      <link>/resources/handout2/data.json</link>
      <pubDate>Mon, 01 Jan 0001 00:00:00 +0000</pubDate>
      
      <guid>/resources/handout2/data.json</guid>
      <description>This resource explains the stack architecture along with a subset of a simple stack-based instruction set for 6.823.</description>
    </item>
    
    <item>
      <title>handout3.pdf</title>
      <link>/resources/handout3/data.json</link>
      <pubDate>Mon, 01 Jan 0001 00:00:00 +0000</pubDate>
      
      <guid>/resources/handout3/data.json</guid>
      <description>This resource talks about x86 architecture introducing a subset of the x86 instruction set.</description>
    </item>
    
    <item>
      <title>handout4.pdf</title>
      <link>/resources/handout4/data.json</link>
      <pubDate>Mon, 01 Jan 0001 00:00:00 +0000</pubDate>
      
      <guid>/resources/handout4/data.json</guid>
      <description>This resource asks to check out section 2.12.</description>
    </item>
    
    <item>
      <title>handout5.pdf</title>
      <link>/resources/handout5/data.json</link>
      <pubDate>Mon, 01 Jan 0001 00:00:00 +0000</pubDate>
      
      <guid>/resources/handout5/data.json</guid>
      <description>This resource contains the general overview of MIPS architecture including enable signals, special registers and load signals, the ALU, and the microprogramming based on the same.</description>
    </item>
    
    <item>
      <title>handout6.pdf</title>
      <link>/resources/handout6/data.json</link>
      <pubDate>Mon, 01 Jan 0001 00:00:00 +0000</pubDate>
      
      <guid>/resources/handout6/data.json</guid>
      <description>This resource talks about direct-mapped cache, and four-way set-associative cache.</description>
    </item>
    
    <item>
      <title>handout7.pdf</title>
      <link>/resources/handout7/data.json</link>
      <pubDate>Mon, 01 Jan 0001 00:00:00 +0000</pubDate>
      
      <guid>/resources/handout7/data.json</guid>
      <description>This resource talks about victim cache along with a reference.</description>
    </item>
    
    <item>
      <title>handout8.pdf</title>
      <link>/resources/handout8/data.json</link>
      <pubDate>Mon, 01 Jan 0001 00:00:00 +0000</pubDate>
      
      <guid>/resources/handout8/data.json</guid>
      <description>This resource talks about hierarchical page table supporting variable-sized pages, and translation lookaside buffers.</description>
    </item>
    
    <item>
      <title>handout9.pdf</title>
      <link>/resources/handout9/data.json</link>
      <pubDate>Mon, 01 Jan 0001 00:00:00 +0000</pubDate>
      
      <guid>/resources/handout9/data.json</guid>
      <description>This resource talks about scoreboarding for in-order issues including MIPS pipeline with floating-point units, and various hazards.</description>
    </item>
    
    <item>
      <title>psetm0.pdf</title>
      <link>/resources/psetm0/data.json</link>
      <pubDate>Mon, 01 Jan 0001 00:00:00 +0000</pubDate>
      
      <guid>/resources/psetm0/data.json</guid>
      <description>This resource contains the self-assessment test including problems based on logic functions, circuits, 5-stage pipelined processor, and data cache.</description>
    </item>
    
    <item>
      <title>psetm1.pdf</title>
      <link>/resources/psetm1/data.json</link>
      <pubDate>Mon, 01 Jan 0001 00:00:00 +0000</pubDate>
      
      <guid>/resources/psetm1/data.json</guid>
      <description>This resource gives a flavor of EDSAC-style programming and its limitations including problems based on macros, CISC, RISC, and Stack: Comparing ISAs, stack, microprogramming and bus-based architectures, pipeline, and processor design.</description>
    </item>
    
    <item>
      <title>psetm2.pdf</title>
      <link>/resources/psetm2/data.json</link>
      <pubDate>Mon, 01 Jan 0001 00:00:00 +0000</pubDate>
      
      <guid>/resources/psetm2/data.json</guid>
      <description>This resource problems based on direct-mapped cache, miss-rate analysis, victim cache evaluation, cache parameters, 64-bit virtual memory.</description>
    </item>
    
    <item>
      <title>psetm3.pdf</title>
      <link>/resources/psetm3/data.json</link>
      <pubDate>Mon, 01 Jan 0001 00:00:00 +0000</pubDate>
      
      <guid>/resources/psetm3/data.json</guid>
      <description>This resource talks about adding a floating-point unit to the basic MIPS pipeline and contains problems based on register renaming, dynamic scheduling, branch prediction, exceptions, and register renaming.</description>
    </item>
    
    <item>
      <title>psetm4.pdf</title>
      <link>/resources/psetm4/data.json</link>
      <pubDate>Mon, 01 Jan 0001 00:00:00 +0000</pubDate>
      
      <guid>/resources/psetm4/data.json</guid>
      <description>This resource contains problems based on synchronization primitives, tracing the directory-based protocol, directory-base cache coherence update protocols, snoopy cache coherent shared memory, and relaxed memory models.</description>
    </item>
    
    <item>
      <title>psetm5.pdf</title>
      <link>/resources/psetm5/data.json</link>
      <pubDate>Mon, 01 Jan 0001 00:00:00 +0000</pubDate>
      
      <guid>/resources/psetm5/data.json</guid>
      <description>This resource contains problems based on trace scheduling, VLIW machines, predication and VLIW, vector machines, and multithreaded architectures.</description>
    </item>
    
  </channel>
</rss>
