{
  "title":"l02_fifties.pdf",
  "description": "This resource discusses the importance of technology, technology is the dominant factor in computer design, computers in mid 50?s, programmer?s view of the machine IBM 650, earliest instruction sets, programming: single accumulator machine, processor-memory bottleneck: early solutions, index registers, support for subroutine calls, recursive procedure calls and reentrant codes, evolution of addressing modes, and data formats and memory addresses.",
  "file": "/courses/6-823-computer-system-architecture-fall-2005/ae51ce4205e88023b9d5fe59dd25b7fd_l02_fifties.pdf",
  "learning_resource_types": ["Lecture Notes"],
  "resource_type": "Document",
  "file_type": "application/pdf"}
